,Decade,global mean sea level
0,1993-2000,12.716280170090712
1,2001-2010,37.34521814882791
2,2011-2020,74.03254057082943
