,Decades,Increasing_0_03,Increasing_0_07,Increasing_0_20,Increasing_7_20
0,"1961
-1970",0.0,0.0,0.0,0.0
1,"1971
-1980",8347516.0,12477149.0,64453511.0,16130778.0
2,"1981
-1990",79571759.0,95279088.0,101432538.0,23972371.0
3,"1991
-2000",55749036.0,76109253.0,130862867.0,49915498.0
4,"2001
-2010",113657291.2,188702527.4,240939835.0,74654392.4
5,"2011
-2020",110139416.062,169700924.48999998,279035712.8,112757576.89999999
