,Decades,Increasing
0,1993-2000,0.0
1,2001-2010,24.6289379787372
2,2011-2020,36.687322422001515
